Workbook

Sheet Sheet1
A1: variable_name | B1: file_name | C1: IS_CATEGORICAL | D1: IS_KEEP | E1: reason_to_drop
A2: SEQN | C2: FALSE | D2: TRUE | E2: also, it doesn't have to be perfect for multicollinearity. We're going to do VIF test later. | F2: =COUNTIF(D:D,TRUE) -> 264
A3: LBXGH | C3: FALSE | D3: TRUE | E3: same for leakage, we will do some leakage test.
A4: SDDSRVYR_Data_release_cycle | B4: P_DEMO | C4: TRUE | D4: TRUE | E4: just make sure we don't have too many collinearity and leakage.
A5: RIDSTATR_Interview_Examination_status | B5: P_DEMO | C5: TRUE | D5: TRUE
A6: RIAGENDR_Gender | B6: P_DEMO | C6: TRUE | D6: TRUE
A7: RIDAGEYR_Age_in_years_at_screening | B7: P_DEMO | C7: FALSE | D7: TRUE
A8: RIDRETH1_Race_Hispanic_origin | B8: P_DEMO | C8: TRUE | D8: FALSE | E8: collinear with RIDRETH3. RIDRETH3 is more informative since include an additional race value
A9: RIDRETH3_Race_Hispanic_origin_w_NH_Asian | B9: P_DEMO | C9: TRUE | D9: TRUE
A10: RIDEXMON_Six_month_time_period | B10: P_DEMO | C10: TRUE | D10: TRUE
A11: DMDBORN4_Country_of_birth | B11: P_DEMO | C11: TRUE | D11: TRUE
A12: DMDEDUC2_Education_level_Adults_20 | B12: P_DEMO | C12: TRUE | D12: TRUE
A13: DMDMARTZ_Marital_status | B13: P_DEMO | C13: TRUE | D13: TRUE
A14: SIALANG_Language_of_SP_Interview | B14: P_DEMO | C14: TRUE | D14: FALSE | E14: survey design/survey process variables, not predictor for health patterns
A15: SIAPROXY_Proxy_used_in_SP_Interview | B15: P_DEMO | C15: TRUE | D15: FALSE | E15: survey design/survey process variables, not predictor for health patterns
A16: SIAINTRP_Interpreter_used_in_SP_Interview | B16: P_DEMO | C16: TRUE | D16: FALSE | E16: survey design/survey process variables, not predictor for health patterns
A17: FIALANG_Language_of_Family_Interview | B17: P_DEMO | C17: TRUE | D17: FALSE | E17: survey design/survey process variables, not predictor for health patterns
A18: FIAPROXY_Proxy_used_in_Family_Interview | B18: P_DEMO | C18: TRUE | D18: FALSE | E18: survey design/survey process variables, not predictor for health patterns
A19: FIAINTRP_Interpreter_used_in_Family_Interview | B19: P_DEMO | C19: TRUE | D19: FALSE | E19: survey design/survey process variables, not predictor for health patterns
A20: MIALANG_Language_of_MEC_Interview | B20: P_DEMO | C20: TRUE | D20: FALSE | E20: survey design/survey process variables, not predictor for health patterns
A21: MIAPROXY_Proxy_used_in_MEC_Interview | B21: P_DEMO | C21: TRUE | D21: FALSE | E21: survey design/survey process variables, not predictor for health patterns
A22: MIAINTRP_Interpreter_used_in_MEC_Interview | B22: P_DEMO | C22: TRUE | D22: FALSE | E22: survey design/survey process variables, not predictor for health patterns
A23: AIALANGA_Language_of_ACASI_Interview | B23: P_DEMO | C23: TRUE | D23: FALSE | E23: survey design/survey process variables, not predictor for health patterns
A24: WTINTPRP_Full_sample_interview_weight | B24: P_DEMO | C24: FALSE | D24: FALSE | E24: survey design/survey process variables, not predictor for health patterns
A25: WTMECPRP_Full_sample_MEC_exam_weight | B25: P_DEMO | C25: FALSE | D25: FALSE | E25: survey design/survey process variables, not predictor for health patterns
... A27: SDMVSTRA_Masked_variance_pseudo_stratum | B27: P_DEMO | C27: TRUE | D27: FALSE | E27: survey design/survey process variables, not predictor for health patterns
A28: INDFMPIR_Ratio_of_family_income_to_poverty | B28: P_DEMO | C28: FALSE | D28: TRUE
A29: BMDSTATS_Body_Measures_Component_Status_Code | B29: P_BMX | C29: TRUE | D29: TRUE
A30: BMXWT_Weight_kg | B30: P_BMX | C30: FALSE | D30: TRUE
A31: BMXHT_Standing_Height_cm | B31: P_BMX | C31: FALSE | D31: TRUE
A32: BMXBMI_Body_Mass_Index_kg_m_2 | B32: P_BMX | C32: FALSE | D32: TRUE
A33: BMXLEG_Upper_Leg_Length_cm | B33: P_BMX | C33: FALSE | D33: TRUE
A34: BMXARML_Upper_Arm_Length_cm | B34: P_BMX | C34: FALSE | D34: TRUE
A35: BMXARMC_Arm_Circumference_cm | B35: P_BMX | C35: FALSE | D35: TRUE
A36: BMXWAIST_Waist_Circumference_cm | B36: P_BMX | C36: FALSE | D36: TRUE
A37: BMXHIP_Hip_Circumference_cm | B37: P_BMX | C37: FALSE | D37: TRUE
A38: BPAOARM_Arm_selected_oscillometric | B38: P_BPXO | C38: TRUE | D38: TRUE
A39: BPAOCSZ_Coded_cuff_size_oscillometric | B39: P_BPXO | C39: TRUE | D39: TRUE
A40: BPXOSY1_Systolic_1st_oscillometric_reading | B40: P_BPXO | C40: FALSE | D40: TRUE | E40: This needs to be merged since collinear. Merged to median.
A41: BPXODI1_Diastolic_1st_oscillometric_reading | B41: P_BPXO | C41: FALSE | D41: TRUE | E41: This needs to be merged since collinear. Merged to median.
A42: BPXOSY2_Systolic_2nd_oscillometric_reading | B42: P_BPXO | C42: FALSE | D42: TRUE | E42: This needs to be merged since collinear. Merged to median.
A43: BPXODI2_Diastolic_2nd_oscillometric_reading | B43: P_BPXO | C43: FALSE | D43: TRUE | E43: This needs to be merged since collinear. Merged to median.
A44: BPXOSY3_Systolic_3rd_oscillometric_reading | B44: P_BPXO | C44: FALSE | D44: TRUE | E44: This needs to be merged since collinear. Merged to median.
A45: BPXODI3_Diastolic_3rd_oscillometric_reading | B45: P_BPXO | C45: FALSE | D45: TRUE | E45: This needs to be merged since collinear. Merged to median.
A46: BPXOPLS1_Pulse_1st_oscillometric_reading | B46: P_BPXO | C46: FALSE | D46: TRUE | E46: This needs to be merged since collinear. Merged to median.
A47: BPXOPLS2_Pulse_2nd_oscillometric_reading | B47: P_BPXO | C47: FALSE | D47: TRUE | E47: This needs to be merged since collinear. Merged to median.
A48: BPXOPLS3_Pulse_3rd_oscillometric_reading | B48: P_BPXO | C48: FALSE | D48: TRUE | E48: This needs to be merged since collinear. Merged to median.
A49: LUAXSTAT_Elastography_exam_status | B49: P_LUX | C49: TRUE | D49: FALSE | E49: QC/process (exam status), not a health predictor.
A50: LUAPNME_Exam_wand_type | B50: P_LUX | C50: TRUE | D50: FALSE | E50: instrument/probe type (process), not physiology
A51: LUANMVGP_Count_complete_measures_from_final_wand | B51: P_LUX | C51: FALSE | D51: FALSE | E51: QC count (completed measures), not health
A52: LUANMTGP_Count_measures_attempted_with_final_wand | B52: P_LUX | C52: FALSE | D52: FALSE | E52: QC count (completed measures), not health
A53: LUXSMED_Median_stiffness_E_kilopascals_kPa | B53: P_LUX | C53: FALSE | D53: TRUE
A54: LUXSIQR_Stiffness_E_interquartile_range_IQRe | B54: P_LUX | C54: FALSE | D54: FALSE | E54: variability/precision (QC), not health level
A55: LUXSIQRM_Ratio_Stiffness_IQRe_median_E | B55: P_LUX | C55: FALSE | D55: FALSE | E55: variability/precision (QC), not health level
A56: LUXCAPM_Median_CAP_decibels_per_meter_dB_m | B56: P_LUX | C56: FALSE | D56: TRUE
A57: LUXCPIQR_CAP_interquartile_range_IQRc | B57: P_LUX | C57: FALSE | D57: FALSE | E57: variability/precision (QC), not health level
A58: OHDEXSTS_Overall_Oral_Health_Exam_Status | B58: P_OHXREF | C58: TRUE | D58: TRUE | E58: Might be useful for aggregations
A59: OHDDESTS_Dentition_Status_Code | B59: P_OHXDEN | C59: TRUE | D59: TRUE | E59: Might be useful for aggregations
A60: OHXIMP_Dental_Implant_yes_no | B60: P_OHXDEN | C60: TRUE | D60: TRUE
A61: OHX01TC_Tooth_Count_1 | B61: P_OHXDEN | C61: TRUE | D61: FALSE | E61: per-tooth detail too granular and sparse. I suggest to aggregate: num_teeth_missing (4), teeth_present_count, num_implants, num_root_fragments
A62: OHX02TC_Tooth_Count_2 | B62: P_OHXDEN | C62: TRUE | D62: FALSE | E62: per-tooth detail too granular and sparse. I suggest to aggregate: num_teeth_missing (4), teeth_present_count, num_implants, num_root_fragments
A63: OHX03TC_Tooth_Count_3 | B63: P_OHXDEN | C63: TRUE | D63: FALSE | E63: per-tooth detail too granular and sparse. I suggest to aggregate: num_teeth_missing (4), teeth_present_count, num_implants, num_root_fragments
A64: OHX04TC_Tooth_Count_4 | B64: P_OHXDEN | C64: TRUE | D64: FALSE | E64: per-tooth detail too granular and sparse. I suggest to aggregate: num_teeth_missing (4), teeth_present_count, num_implants, num_root_fragments
A65: OHX05TC_Tooth_Count_5 | B65: P_OHXDEN | C65: TRUE | D65: FALSE | E65: per-tooth detail too granular and sparse. I suggest to aggregate: num_teeth_missing (4), teeth_present_count, num_implants, num_root_fragments
A66: OHX06TC_Tooth_Count_6 | B66: P_OHXDEN | C66: TRUE | D66: FALSE | E66: per-tooth detail too granular and sparse. I suggest to aggregate: num_teeth_missing (4), teeth_present_count, num_implants, num_root_fragments
A67: OHX07TC_Tooth_Count_7 | B67: P_OHXDEN | C67: TRUE | D67: FALSE | E67: per-tooth detail too granular and sparse. I suggest to aggregate: num_teeth_missing (4), teeth_present_count, num_implants, num_root_fragments
A68: OHX08TC_Tooth_Count_8 | B68: P_OHXDEN | C68: TRUE | D68: FALSE | E68: per-tooth detail too granular and sparse. I suggest to aggregate: num_teeth_missing (4), teeth_present_count, num_implants, num_root_fragments
A69: OHX09TC_Tooth_Count_9 | B69: P_OHXDEN | C69: TRUE | D69: FALSE | E69: per-tooth detail too granular and sparse. I suggest to aggregate: num_teeth_missing (4), teeth_present_count, num_implants, num_root_fragments
A70: OHX10TC_Tooth_Count_10 | B70: P_OHXDEN | C70: TRUE | D70: FALSE | E70: per-tooth detail too granular and sparse. I suggest to aggregate: num_teeth_missing (4), teeth_present_count, num_implants, num_root_fragments
A71: OHX11TC_Tooth_Count_11 | B71: P_OHXDEN | C71: TRUE | D71: FALSE | E71: per-tooth detail too granular and sparse. I suggest to aggregate: num_teeth_missing (4), teeth_present_count, num_implants, num_root_fragments
A72: OHX12TC_Tooth_Count_12 | B72: P_OHXDEN | C72: TRUE | D72: FALSE | E72: per-tooth detail too granular and sparse. I suggest to aggregate: num_teeth_missing (4), teeth_present_count, num_implants, num_root_fragments
... A204: OHX31RSC_Coronal_Caries_2nd_restoration_code_31 | B204: P_OHXDEN | C204: TRUE | D204: FALSE | E204: Aggregation needed, but too many missingness
A205: OHXRCAR_Root_caries | B205: P_OHXDEN | C205: TRUE | D205: TRUE
A206: OHXRCARO_Other_non_carious_root_lesion | B206: P_OHXDEN | C206: TRUE | D206: TRUE
A207: OHXRRES_Root_caries_restoration | B207: P_OHXDEN | C207: TRUE | D207: TRUE
A208: OHXRRESO_Other_non_carious_root_restoration | B208: P_OHXDEN | C208: TRUE | D208: TRUE
A209: OHX02SE_Dental_Sealants_2 | B209: P_OHXDEN | C209: TRUE | D209: FALSE | E209: Aggregation needed
A210: OHX03SE_Dental_Sealants_3 | B210: P_OHXDEN | C210: TRUE | D210: FALSE | E210: Aggregation needed
A211: OHX04SE_Dental_Sealants_4 | B211: P_OHXDEN | C211: TRUE | D211: FALSE | E211: Aggregation needed
A212: OHX05SE_Dental_Sealants_5 | B212: P_OHXDEN | C212: TRUE | D212: FALSE | E212: Aggregation needed
A213: OHX07SE_Dental_Sealants_7 | B213: P_OHXDEN | C213: TRUE | D213: FALSE | E213: Aggregation needed
A214: OHX10SE_Dental_Sealants_10 | B214: P_OHXDEN | C214: TRUE | D214: FALSE | E214: Aggregation needed
A215: OHX12SE_Dental_Sealants_12 | B215: P_OHXDEN | C215: TRUE | D215: FALSE | E215: Aggregation needed
A216: OHX13SE_Dental_Sealants_13 | B216: P_OHXDEN | C216: TRUE | D216: FALSE | E216: Aggregation needed
A217: OHX14SE_Dental_Sealants_14 | B217: P_OHXDEN | C217: TRUE | D217: FALSE | E217: Aggregation needed
A218: OHX15SE_Dental_Sealants_15 | B218: P_OHXDEN | C218: TRUE | D218: FALSE | E218: Aggregation needed
A219: OHX18SE_Dental_Sealants_18 | B219: P_OHXDEN | C219: TRUE | D219: FALSE | E219: Aggregation needed
A220: OHX19SE_Dental_Sealants_19 | B220: P_OHXDEN | C220: TRUE | D220: FALSE | E220: Aggregation needed
... A231: URXUMA_Albumin_urine_ug_mL | B231: P_ALB_CR | C231: FALSE | D231: FALSE | E231: collinear with URXUMS_Albumin_urine_mg_L
A232: URXUMS_Albumin_urine_mg_L | B232: P_ALB_CR | C232: FALSE | D232: TRUE
A233: URDUMALC_Albumin_urine_comment_code | B233: P_ALB_CR | C233: TRUE | D233: FALSE | E233: collinear with URXUMS_Albumin_urine_mg_L
A234: URXUCR_Creatinine_urine_mg_dL | B234: P_ALB_CR | C234: FALSE | D234: FALSE | E234: collinear with URXCRS_Creatinine_urine_umol_L
A235: URXCRS_Creatinine_urine_umol_L | B235: P_ALB_CR | C235: FALSE | D235: TRUE
A236: URDUCRLC_Creatinine_urine_comment_code | B236: P_ALB_CR | C236: TRUE | D236: FALSE | E236: collinear with URXCRS_Creatinine_urine_umol_L
A237: URDACT_Albumin_creatinine_ratio_mg_g | B237: P_ALB_CR | C237: FALSE | D237: TRUE
A238: LBXSATSI_Alanine_Aminotransferase_ALT_U_L | B238: P_BIOPRO | C238: FALSE | D238: TRUE
A239: LBDSATLC_ALT_Comment_Code | B239: P_BIOPRO | C239: TRUE | D239: FALSE | E239: collinear with LBXSATSI_Alanine_Aminotransferase_ALT_U_L
A240: LBXSAL_Albumin_refrigerated_serum_g_dL | B240: P_BIOPRO | C240: FALSE | D240: TRUE
A241: LBDSALSI_Albumin_refrigerated_serum_g_L | B241: P_BIOPRO | C241: FALSE | D241: FALSE | E241: collinear with LBXSAL_Albumin_refrigerated_serum_g_dL
A242: LBXSAPSI_Alkaline_Phosphatase_ALP_IU_L | B242: P_BIOPRO | C242: FALSE | D242: TRUE
...

Sheet check
A1: variable_name | B1: python
A2: SEQN | B2: SEQN
A3: LBXGH | B3: LBXGH
A4: SDDSRVYR_Data_release_cycle | B4: P_DEMO__SDDSRVYR_Data_release_cycle
A5: RIDSTATR_Interview_Examination_status | B5: P_DEMO__RIDSTATR_Interview_Examination_status
A6: RIAGENDR_Gender | B6: P_DEMO__RIAGENDR_Gender
A7: RIDAGEYR_Age_in_years_at_screening | B7: P_DEMO__RIDAGEYR_Age_in_years_at_screening
A8: RIDRETH3_Race_Hispanic_origin_w_NH_Asian | B8: P_DEMO__RIDRETH3_Race_Hispanic_origin_w_NH_Asian
A9: RIDEXMON_Six_month_time_period | B9: P_DEMO__RIDEXMON_Six_month_time_period
A10: DMDBORN4_Country_of_birth | B10: P_DEMO__DMDBORN4_Country_of_birth
A11: DMDEDUC2_Education_level_Adults_20 | B11: P_DEMO__DMDEDUC2_Education_level_Adults_20
A12: DMDMARTZ_Marital_status | B12: P_DEMO__DMDMARTZ_Marital_status
... A267: Thiazolidinedione (TZD) | B267: Thiazolidinedione (TZD)

Sheet check 2
A1: P_DEMO__RIDAGEYR_Age_in_years_at_screening
A2: P_DEMO__INDFMPIR_Ratio_of_family_income_to_poverty
A3: P_BMX__BMXWT_Weight_kg
A4: P_BMX__BMXHT_Standing_Height_cm
A5: P_BMX__BMXBMI_Body_Mass_Index_kg_m_2
A6: P_BMX__BMXLEG_Upper_Leg_Length_cm
A7: P_BMX__BMXARML_Upper_Arm_Length_cm
A8: P_BMX__BMXARMC_Arm_Circumference_cm
A9: P_BMX__BMXWAIST_Waist_Circumference_cm
A10: P_BMX__BMXHIP_Hip_Circumference_cm
A11: P_LUX__LUXSMED_Median_stiffness_E_kilopascals_kPa
A12: P_LUX__LUXCAPM_Median_CAP_decibels_per_meter_dB_m
... A143: P_DEMO__DMDMARTZ_Marital_status_3.0
A144: P_DEMO__DMDMARTZ_Marital_status_77.0 | B144: check
A145: P_DEMO__DMDMARTZ_Marital_status_99.0 | B145: check
A146: P_BMX__BMDSTATS_Body_Measures_Component_Status_Code_2.0
A147: P_BMX__BMDSTATS_Body_Measures_Component_Status_Code_3.0
A148: P_BMX__BMDSTATS_Body_Measures_Component_Status_Code_4.0
A149: P_BPXO__BPAOARM_Arm_selected_oscillometric_R
A150: P_BPXO__BPAOCSZ_Coded_cuff_size_oscillometric_3.0
A151: P_BPXO__BPAOCSZ_Coded_cuff_size_oscillometric_4.0
A152: P_BPXO__BPAOCSZ_Coded_cuff_size_oscillometric_5.0
A153: P_OHXDEN__OHDEXSTS_Overall_Oral_Health_Exam_Status_2.0
A154: P_OHXDEN__OHDEXSTS_Overall_Oral_Health_Exam_Status_3.0
A155: P_OHXDEN__OHDDESTS_Dentition_Status_Code_2.0
A156: P_OHXDEN__OHDDESTS_Dentition_Status_Code_3.0
A157: P_OHXDEN__OHXIMP_Dental_Implant_yes_no_2.0
... A215: P_DBQ__DBQ229_Regular_milk_use_5_times_per_week_3.0
A216: P_DBQ__DBD895_of_meals_not_home_prepared_1.0 | B216: bin?
A217: P_DBQ__DBD895_of_meals_not_home_prepared_2.0 | B217: bin?
A218: P_DBQ__DBD895_of_meals_not_home_prepared_3.0 | B218: bin?
A219: P_DBQ__DBD895_of_meals_not_home_prepared_4.0 | B219: bin?
A220: P_DBQ__DBD895_of_meals_not_home_prepared_5.0 | B220: bin?
A221: P_DBQ__DBD895_of_meals_not_home_prepared_6.0 | B221: bin?
A222: P_DBQ__DBD895_of_meals_not_home_prepared_7.0 | B222: bin?
A223: P_DBQ__DBD895_of_meals_not_home_prepared_8.0 | B223: bin?
A224: P_DBQ__DBD895_of_meals_not_home_prepared_9.0 | B224: bin?
A225: P_DBQ__DBD895_of_meals_not_home_prepared_10.0 | B225: bin?
A226: P_DBQ__DBD895_of_meals_not_home_prepared_11.0 | B226: bin?
A227: P_DBQ__DBD895_of_meals_not_home_prepared_12.0 | B227: bin?
... A330: P_DBQ__DBD910_of_frozen_meals_pizza_in_past_30_days_6666.0 | B330: bin?
A331: P_DBQ__CBQ596_Heard_of_My_Plate_2.0
A332: P_DBQ__DBQ930_Main_meal_planner_preparer_2.0
A333: P_DBQ__DBQ935_Shared_meal_planning_preparing_duty_2.0
A334: P_DBQ__DBQ940_Main_food_shopper_2.0
A335: P_DBQ__DBQ945_Shared_food_shopping_duty_2.0
A336: P_DPQ__DPQ010_Have_little_interest_in_doing_things_1.0
A337: P_DPQ__DPQ010_Have_little_interest_in_doing_things_2.0
A338: P_DPQ__DPQ010_Have_little_interest_in_doing_things_3.0
A339: P_DPQ__DPQ020_Feeling_down_depressed_or_hopeless_1.0
A340: P_DPQ__DPQ020_Feeling_down_depressed_or_hopeless_2.0
A341: P_DPQ__DPQ020_Feeling_down_depressed_or_hopeless_3.0
A342: P_DPQ__DPQ030_Trouble_sleeping_or_sleeping_too_much_1.0
... A446: P_PUQMEC__PUQ110_Products_used_to_kill_weeds_2.0
A447: P_SLQ__SLQ300_Usual_sleep_time_on_weekdays_or_workdays_00:15 | B447: bin?
A448: P_SLQ__SLQ300_Usual_sleep_time_on_weekdays_or_workdays_00:30 | B448: bin?
A449: P_SLQ__SLQ300_Usual_sleep_time_on_weekdays_or_workdays_00:45 | B449: bin?
A450: P_SLQ__SLQ300_Usual_sleep_time_on_weekdays_or_workdays_01:00 | B450: bin?
A451: P_SLQ__SLQ300_Usual_sleep_time_on_weekdays_or_workdays_01:30 | B451: bin?
A452: P_SLQ__SLQ300_Usual_sleep_time_on_weekdays_or_workdays_01:45 | B452: bin?
A453: P_SLQ__SLQ300_Usual_sleep_time_on_weekdays_or_workdays_02:00 | B453: bin?
A454: P_SLQ__SLQ300_Usual_sleep_time_on_weekdays_or_workdays_02:30 | B454: bin?
A455: P_SLQ__SLQ300_Usual_sleep_time_on_weekdays_or_workdays_03:00 | B455: bin?
A456: P_SLQ__SLQ300_Usual_sleep_time_on_weekdays_or_workdays_03:30 | B456: bin?
A457: P_SLQ__SLQ300_Usual_sleep_time_on_weekdays_or_workdays_03:45 | B457: bin?
A458: P_SLQ__SLQ300_Usual_sleep_time_on_weekdays_or_workdays_03:50 | B458: bin?
... A782: P_SLQ__SLD013_Sleep_hours_weekends_14.0 | B782: bin?
A783: P_SLQ__SLQ030_How_often_do_you_snore_1.0
A784: P_SLQ__SLQ030_How_often_do_you_snore_2.0
A785: P_SLQ__SLQ030_How_often_do_you_snore_3.0
A786: P_SLQ__SLQ040_How_often_do_you_snort_or_stop_breathing_1.0
A787: P_SLQ__SLQ040_How_often_do_you_snort_or_stop_breathing_2.0
A788: P_SLQ__SLQ040_How_often_do_you_snort_or_stop_breathing_3.0
A789: P_SLQ__SLQ050_Ever_told_doctor_had_trouble_sleeping_2.0
A790: P_SLQ__SLQ120_How_often_feel_overly_sleepy_during_day_1.0
A791: P_SLQ__SLQ120_How_often_feel_overly_sleepy_during_day_2.0
A792: P_SLQ__SLQ120_How_often_feel_overly_sleepy_during_day_3.0
A793: P_SLQ__SLQ120_How_often_feel_overly_sleepy_during_day_4.0
A794: P_SMQ__SMQ020_Smoked_at_least_100_cigarettes_in_life_2.0
... A817: P_WHQ__WHQ225_Times_lost_10_lbs_or_more_to_lose_weight_5.0

Sheet init_selection
A1: variable_name | B1: IS_CATEGORICAL | C1: IS_KEEP
A2: =Sheet1!A2 -> SEQN | B2: =Sheet1!C2 -> FALSE | C2: =Sheet1!D2 -> TRUE
A3: =Sheet1!A3 -> LBXGH | B3: =Sheet1!C3 -> FALSE | C3: =Sheet1!D3 -> TRUE
A4: =Sheet1!A4 -> SDDSRVYR_Data_release_cycle | B4: =Sheet1!C4 -> TRUE | C4: =Sheet1!D4 -> TRUE
A5: =Sheet1!A5 -> RIDSTATR_Interview_Examination_status | B5: =Sheet1!C5 -> TRUE | C5: =Sheet1!D5 -> TRUE
A6: =Sheet1!A6 -> RIAGENDR_Gender | B6: =Sheet1!C6 -> TRUE | C6: =Sheet1!D6 -> TRUE
A7: =Sheet1!A7 -> RIDAGEYR_Age_in_years_at_screening | B7: =Sheet1!C7 -> FALSE | C7: =Sheet1!D7 -> TRUE
A8: =Sheet1!A8 -> RIDRETH1_Race_Hispanic_origin | B8: =Sheet1!C8 -> TRUE | C8: =Sheet1!D8 -> FALSE
A9: =Sheet1!A9 -> RIDRETH3_Race_Hispanic_origin_w_NH_Asian | B9: =Sheet1!C9 -> TRUE | C9: =Sheet1!D9 -> TRUE
A10: =Sheet1!A10 -> RIDEXMON_Six_month_time_period | B10: =Sheet1!C10 -> TRUE | C10: =Sheet1!D10 -> TRUE
A11: =Sheet1!A11 -> DMDBORN4_Country_of_birth | B11: =Sheet1!C11 -> TRUE | C11: =Sheet1!D11 -> TRUE
A12: =Sheet1!A12 -> DMDEDUC2_Education_level_Adults_20 | B12: =Sheet1!C12 -> TRUE | C12: =Sheet1!D12 -> TRUE
A13: =Sheet1!A13 -> DMDMARTZ_Marital_status | B13: =Sheet1!C13 -> TRUE | C13: =Sheet1!D13 -> TRUE
... A521: =Sheet1!A521 -> WHQ150_Age_when_heaviest_weight | B521: =Sheet1!C521 -> FALSE | C521: =Sheet1!D521 -> TRUE

Sheet survey prefix
A1: P_ALQ
A2: P_AUQ
A3: P_BPQ
A4: P_CBQPFC
A5: P_DBQ
A6: P_DIQ
A7: P_DPQ
A8: P_FSQ
A9: P_HEQ
A10: P_HIQ
A11: P_HSQ
A12: P_HUQ
... A16: P_MCQ
